{"cameraMode":{"drawMode":0,"name":"Shaded","section":"Shading Mode"},"sceneLighting":true,"audioPlay":false,"sceneViewState":{"m_AlwaysRefresh":false,"showFog":true,"showSkybox":true,"showFlares":true,"showImageEffects":true,"showParticleSystems":true,"showVisualEffectGraphs":true,"m_FxEnabled":true},"in2DMode":false,"pivot":{"x":-28.997058868408204,"y":6.316173553466797,"z":-5.198356628417969},"rotation":{"x":0.13126324117183686,"y":0.5521281957626343,"z":-0.08853558450937271,"w":0.8185873627662659},"size":26.259292602539064,"orthographic":true}